cluster,keyword,intent,language,target_market,notes
online tool intent,online 8D report tool,transactional,en,US,"User is likely evaluating a browser-based 8D workflow."
online tool intent,create 8D report online,transactional,en,US,"Online creation intent; may map to signup or report creation workflow."
online tool intent,8D report generator online,transactional,en,US,"Generator wording can imply automation; copy must stay conservative and avoid fake evidence claims."
online tool intent,8D report software,transactional,en,US,"Core software comparison intent."
how-to writing intent,8D report template,informational,en,US,"High-volume likely template intent; validate with real data before changing pages."
how-to writing intent,8D report example,informational,en,US,"Example-seeking intent; likely maps to demo/example pages."
how-to writing intent,how to write an 8D report,informational,en,US,"Practical writing guide intent."
how-to writing intent,how to fill out an 8D report,informational,en,US,"Step-by-step completion intent."
customer pressure intent,customer asking for 8D report,problem-aware,en,US,"Pain-led query from supplier or quality team under customer pressure."
customer pressure intent,customer requested 8D report,problem-aware,en,US,"Similar to customer asking wording; verify actual query phrasing in GSC."
customer rejection intent,customer rejected my 8D report,problem-aware,en,US,"High pain query; do not claim guaranteed acceptance."
customer rejection intent,8D report rejected by customer,problem-aware,en,US,"Potentially valuable support/service intent."
SCAR intent,how to respond to a SCAR,informational,en,US,"Supplier corrective action response intent."
SCAR intent,supplier corrective action request example,informational,en,US,"Maps to SCAR/Supplier Corrective Action Request guide if data supports."
SCAR intent,SCAR response template,informational,en,US,"Template intent for supplier corrective action response."
Excel alternative intent,8D report Excel template,informational,en,US,"Spreadsheet template intent; compare against software workflow carefully."
Excel alternative intent,alternative to Excel 8D template,commercial,en,US,"Direct replacement intent for workflow product."
Excel alternative intent,Excel 8D template alternative,commercial,en,US,"Synonym of alternative-to-Excel wording."
export / format intent,export 8D report to PDF,transactional,en,US,"Format/export workflow intent."
export / format intent,8D report Word template,informational,en,US,"Word format intent; may map to export/template pages."
export / format intent,8D report Excel export,transactional,en,US,"Export capability intent."
industry example intent,automotive 8D report example,informational,en,US,"Industry example intent; existing demo/example pages may already fit."
industry example intent,supplier 8D report example,informational,en,US,"Supplier example intent; validate with GSC and SERP type."
industry example intent,manufacturing 8D report example,informational,en,US,"Manufacturing example intent."
AI assistance intent,AI 8D report generator,commercial,en,US,"Must describe AI as draft assistance, not approval or evidence creation."
AI assistance intent,AI tool for 8D report,commercial,en,US,"AI assistance intent; needs conservative copy."
AI assistance intent,AI 8D report checker,commercial,en,US,"Quality check intent; maps to AI Quality Check positioning."
root cause / corrective action intent,root cause analysis template,informational,en,US,"Broad RCA intent; likely competitive and not always 8D-specific."
root cause / corrective action intent,8D root cause analysis template,informational,en,US,"More specific D4/root-cause intent."
root cause / corrective action intent,corrective action report template,informational,en,US,"Broad corrective action intent; may map outside 8D."
root cause / corrective action intent,8D corrective action example,informational,en,US,"Specific D5/D6 action intent."
