keyword,top_results_summary,dominant_page_type,competitor_strength,has_ads,has_ai_overview,has_people_also_ask,notes,source
8D report template,"Top visible results include Smartsheet worksheet/report files, Asana 8D template guide, SafetyCulture template library, and Lean Six Sigma template download pages.",template/download,high,unknown,unknown,unknown,"Google SERP UI was unreachable from current environment, so ads, AI Overview, and People Also Ask were not verified. Result set is template-heavy with strong domains and downloadable assets.","web_search_2026-07-03; https://www.smartsheet.com/sites/default/files/IC-8D-Worksheet-Template-10551_PDF.pdf; https://asana.com/resources/8d-template; https://safetyculture.com/library/manufacturing/8d-report-template; https://www.learnleansigma.com/template/8d-problem-solving-template/"
8D report example,"Top visible results include QualityInspection 8D guide/examples, Asana examples, Scribd sample rejection report, 5xwhys case studies, and forum/PDF examples.",example/guide,high,unknown,unknown,unknown,"Google SERP UI was unreachable from current environment, so ads, AI Overview, and People Also Ask were not verified. Results are crowded with practical examples, guides, and downloadable samples.","web_search_2026-07-03; https://qualityinspection.org/fill-out-an-8d-report-fix-problem/; https://asana.com/resources/8d-template; https://www.scribd.com/document/883489995/8D-Report-Sample-Part; https://5xwhys.com/articles/8d/examples/"
8D report software,"Top visible results include CWA SmartProcess, Blulink, Qualityze, SafetyCulture software list, 8Dreport.com, LeanDataPoint, and Azumuta pages.",software/vendor,high,unknown,unknown,unknown,"Google SERP UI was unreachable from current environment, so ads, AI Overview, and People Also Ask were not verified. Vendor and listicle results make this a competitive commercial SERP.","web_search_2026-07-03; https://www.cwa-software.com/8d-report/; https://www.blulink.com/en/soluzioni/software-8d-report/; https://www.qualityze.com/8d-process; https://safetyculture.com/apps/8d-report-software"
online 8D report tool,"Top visible results include 8Dreport.com, WorkCell free 8D report generator, Praxie online tools/templates, Collaboard template, and Teamguru support content.",software/tool,medium,unknown,unknown,unknown,"Google SERP UI was unreachable from current environment, so ads, AI Overview, and People Also Ask were not verified. Results include exact online tools but also broad template/support pages.","web_search_2026-07-03; https://www.8dreport.com/; https://workcell.ai/tools/8d-report-generator; https://praxie.com/eight-disciplines-8d-online-tools-templates-software/; https://www.collaboard.app/templates/8d-report"
create 8D report online,"Top visible results include online tool/template pages from Collaboard, Praxie, WorkCell, Teamguru support, and 8Dreport.com.",software/tool,medium,unknown,unknown,unknown,"Google SERP UI was unreachable from current environment, so ads, AI Overview, and People Also Ask were not verified. Intent appears product-adjacent, with mixed tool and help-page results.","web_search_2026-07-03; https://www.collaboard.app/templates/8d-report; https://praxie.com/eight-disciplines-8d-online-tools-templates-software/; https://workcell.ai/tools/8d-report-generator; https://support.teamguru.com/how-to-create-a-new-8d-report/t1077"
how to write an 8D report,"Top visible results include Asana, QualityInspection, Azumuta, MAHLE PDF, YouTube walkthroughs, and general 8D guide pages.",guide/how-to,high,unknown,unknown,unknown,"Google SERP UI was unreachable from current environment, so ads, AI Overview, and People Also Ask were not verified. High-volume informational intent is likely competitive due strong guide/template pages.","web_search_2026-07-03; https://asana.com/resources/8d-template; https://qualityinspection.org/fill-out-an-8d-report-fix-problem/; https://www.azumuta.com/blog/8d-manufacturing-report-guide-to-effective-problem-solving/; https://www.mahle.com/media/global/purchasing/supplier-portal/8d-e-learning/manual_8d-process_en-ex.pdf"
customer asking for 8D report,"Top visible results include practitioner forum discussion, QualityInspection customer-requirement framing, QAS guidance, and 8D/customer complaint resources.",forum/guide,medium,unknown,unknown,unknown,"Google SERP UI was unreachable from current environment, so ads, AI Overview, and People Also Ask were not verified. SERP is less polished than template/software terms and includes forums plus quality guidance.","web_search_2026-07-03; https://www.reddit.com/r/AskEngineers/comments/sd97to/8d_formsreports_when_do_you_use_them_and_what_is/; https://qualityinspection.org/fill-out-an-8d-report-fix-problem/; https://www.quality-assurance-solutions.com/8D-Problem-Solving.html; https://mapex.io/en/news/8d-methodology/"
customer rejected my 8D report,"Top visible results include rejected/sample 8D examples, 5xwhys discussion of rejected customer submissions, LinkedIn practitioner posts, and general 8D quality guides.",example/guide,medium,unknown,unknown,unknown,"Google SERP UI was unreachable from current environment, so ads, AI Overview, and People Also Ask were not verified. Exact intent appears underserved, but adjacent examples and practitioner content exist.","web_search_2026-07-03; https://www.scribd.com/document/883489995/8D-Report-Sample-Part; https://5xwhys.com/articles/8d/examples/; https://www.linkedin.com/posts/gaurav-mackwana_8d-problemsolving-rootcauseanalysis-activity-7403841888572702720-pQzR; https://qualityinspection.org/fill-out-an-8d-report-fix-problem/"
how to respond to a SCAR,"Top visible results include ComplianceQuest SCAR explainer, Elsmar forum discussion, Kiuey SCAR handling article, LinkedIn SCAR pitfalls, and supplier corrective action guidance.",guide/forum,medium,unknown,unknown,unknown,"Google SERP UI was unreachable from current environment, so ads, AI Overview, and People Also Ask were not verified. Results mix supplier-quality explainers, forum advice, and quality software vendors.","web_search_2026-07-03; https://www.compliancequest.com/supplier-corrective-action-request/; https://elsmar.com/elsmarqualityforum/threads/how-can-i-respond-to-this-scar-supplier-corrective-action-request.67257/; https://kiuey.com/what-scar-quality-management-how-handle/; https://www.linkedin.com/pulse/supplier-corrective-action-request-scars-fix-issue-zpkie"
AI 8D report generator,"Top visible results include WorkCell free 8D generator, Praxie AI-powered 8D pages, Omnex AI problem-solving software, Fabasoft AI/8D article, and AI comparison/list pages.",ai/software,medium,unknown,unknown,unknown,"Google SERP UI was unreachable from current environment, so ads, AI Overview, and People Also Ask were not verified. Emerging commercial SERP with exact generator pages and AI vendor positioning.","web_search_2026-07-03; https://workcell.ai/tools/8d-report-generator; https://praxie.com/eight-disciplines-of-problem-solving-8d-app-software-manufacturing/; https://www.omnexsystems.com/ai/problem-solver; https://www.fabasoft.com/en/news/innovation-problem-solving-how-ai-optimizes-8d-method"
